frame_id, total_time_elapsed, dt, x, y, z, yaw, qx, qy, qz, qw, vx, vy, speed, omega
map, 4.998202611, 0.050000001, 0.8746335506439209, -1.7152671813964844, -0.06661384552717209, -1.544469381522809, -0.002224591526548113, -0.0005942271562999757, -0.6977376281960923, 0.7163497053017599, 0.9669516342501294, -0.17790260080864956, 1.0898839616101275, -0.15102420357189475
map, 5.998202626, 0.050000001, 0.32241418957710266, -4.6719465255737305, -0.0007406232180073857, -1.7521719780991787, -0.0008504023858481563, 0.0003174784347399484, -0.7682390756771351, 0.640162400196987, 5.2878513845831385, -0.401460477792088, 5.303076692112319, -0.26945529349809794
map, 6.998202641, 0.050000001, -1.3698959350585938, -12.072890281677246, 0.0018889236962422729, -1.738018608485953, 0.00033114127811593796, -0.0005712974753024902, -0.7636895199681997, 0.6455833649153218, 8.816922322862387, 0.22730557002728183, 8.819859779260229, 0.2347871945338279
map, 7.998202656, 0.050000001, -2.0393378734588623, -20.413677215576172, 0.0019597625359892845, -1.6041437641745966, 0.0003128756535806775, -7.682739051362297e-05, -0.7187980395351568, 0.6952188681032707, 7.9116859121978695, 0.10078888083235199, 7.912329079917981, 0.09411469811907118
map, 8.998202671, 0.050000001, -2.069567918777466, -28.80006980895996, 0.001834449707530439, -1.5661625596562134, 2.013958941976398e-06, -2.2272524454192144e-05, -0.7054666003623531, 0.7087431659445206, 8.44129635373911, 0.0005646968037229897, 8.44129637770518, 0.0012665167108062711
map, 9.998202685999999, 0.050000001, -2.0440123081207275, -37.04716110229492, 0.0018338393419981003, -1.5689615419618865, -1.6330017490464224e-05, -5.427766301968617e-06, -0.706457789304635, 0.7077551777519387, 8.15086388508305, -0.003189289903307374, 8.150864510034472, -0.0029539990870619073
map, 10.998202701, 0.050000001, -2.042672634124756, -45.44096755981445, 0.001796608092263341, -1.571196999380899, -5.202505698168449e-05, -4.7862132310672045e-05, -0.7072484245262468, 0.7069651059336319, 8.537946677819935, -0.0006121111874276886, 8.537946699911716, -0.0006394793332619925
map, 11.998202716, 0.050000001, -2.0466248989105225, -53.67448043823242, 0.0019186782883480191, -1.5712577194537531, 7.834941176197419e-05, 7.868981937453334e-05, -0.7072698849261617, 0.7069436310950229, 7.845457365575189, 0.0001510553885254578, 7.845457367030151, 0.0001362789951703345
map, 12.99820273, 0.05, -2.0500526428222656, -61.83595657348633, 0.0019239424727857113, -1.5711939367456456, 8.382708550414327e-05, 8.41703176504005e-05, -0.7072473385456342, 0.706966185901769, 7.929691436283922, 7.140800001727674e-05, 7.929691436605879, 6.441380283947095e-05
map, 13.998202745, 0.05, -2.0532922744750977, -70.34098815917969, 0.0018883132142946124, -1.571174096195524, 4.616235305018561e-05, 4.689802677615429e-05, -0.7072403286682403, 0.7069732054150651, 8.411922104321452, -7.766859864204541e-06, 8.411922104328513, -6.984047104071382e-06
map, 14.99820276, 0.050000001, -2.056288719177246, -78.20244598388672, 0.001969833392649889, -1.5711810204143588, 0.00013186352098148302, 0.0001325659206345975, -0.7072427654050724, 0.7069707460853487, 6.928862130493691, 6.342140582504065e-07, 6.928862130495644, -3.238146056384036e-06
map, 15.998202775, 0.050000001, -2.058452606201172, -85.04896545410156, 0.0014949800679460168, -1.5709719622687874, -0.00036619845973300143, -0.0003682526238594219, -0.7071687790613554, 0.707044587143954, 8.646728489240168, 0.0009093539325987109, 8.646728537091969, 0.0008349173214037477
map, 16.99820279, 0.050000001, -2.0566797256469727, -93.65576934814453, 0.0018743514083325863, -1.5703831373517712, 3.211804591638688e-05, 3.1523817917267216e-05, -0.7069606808666246, 0.7072528498940662, 8.38528333714844, 0.00025383574434190614, 8.385283340994409, 0.0002639395173149277
map, 17.998202805, 0.050000001, -2.0526480674743652, -101.94728088378906, 0.0018432998331263661, -1.570281138282021, -1.2194445957186806e-06, -4.6662323061053e-07, -0.7069246110829218, 0.7072889043690386, 8.354093721909988, 2.9670758617059703e-05, 8.354093721968635, 2.9473182977960912e-05
map, 18.99820282, 0.050000001, -2.048326015472412, -110.2137451171875, 0.001723098917864263, -1.5702707519537695, -0.0001276688923235901, -0.00012698254969467637, -0.7069209266134423, 0.7072925640016853, 8.676876309007078, -7.28703113443507e-06, 8.676876309014405, 4.1950715669662116e-07
map, 19.998202835, 0.050000001, -2.0439224243164062, -118.6173095703125, 0.0018224717350676656, -1.5702728824826413, -2.317220262963895e-05, -2.2430881427282223e-05, -0.7069216911039186, 0.7072918220979801, 8.373897743456133, -4.878820387717019e-06, 8.373897743461884, -1.9906491407492125e-06
map, 20.99820285, 0.050000001, -2.039708375930786, -126.67715454101562, 0.0020228957291692495, -1.5702763445920587, 0.00018771787213066267, 0.00018856895484409275, -0.706922890695201, 0.7072905738201879, 7.1219825862358785, 5.047168881738136e-06, 7.121982586243124, -4.3613656683861994e-06
map, 21.998202865, 0.050000001, -2.036327838897705, -133.16671752929688, 0.0016138459322974086, -1.5702736814309683, -0.00024257347684717375, -0.00024194684144207557, -0.7069219326439147, 0.7072914984409382, 7.050497542437972, 2.4442125097359715e-06, 7.050497542442246, -2.8261218336038708e-05
map, 22.998202879, 0.05, -2.031914710998535, -141.60362243652344, 0.0018128968076780438, -1.5702742140631862, -3.320054778615685e-05, -3.2464433508905266e-05, -0.7069221616226161, 0.7072913510361856, 8.626821738657016, -2.7793519744298774e-06, 8.626821738662022, -9.851179864992608e-07
map, 23.998202894, 0.05, -2.0275447368621826, -149.97610473632812, 0.0018436431419104338, -1.5702742140631867, -8.823562661998429e-07, -1.29364650214292e-07, -0.7069221623672507, 0.7072913518156542, 8.454594810580053, -4.403531191125294e-07, 8.454594810585856, -7.66381319683544e-07
map, 24.998202909, 0.050000001, -2.023261547088623, -158.17982482910156, 0.0017063141567632556, -1.5702742140631865, -0.0001452818867866181, -0.0001446043016006815, -0.7069221475930282, 0.7072913368798107, 8.719038244922272, 1.0473260249715687e-06, 8.719038244926486, 3.6633231317952126e-06
map, 25.998202924, 0.050000001, -2.0188405513763428, -166.64511108398438, 0.0018590545514598489, -1.5702742140631865, 1.5466350608717393e-05, 1.6227878570362897e-05, -0.7069221621811865, 0.7072913516469178, 8.428594784725524, 6.614840495796161e-07, 8.428594784729368, -4.808368541818359e-07
map, 26.998202939, 0.050000001, -2.0145368576049805, -174.88705444335938, 0.001763076870702207, -1.5702742140631867, -8.561753762309603e-05, -8.490879807454554e-05, -0.7069221572734109, 0.7072913466288416, 8.415137484634668, 7.050272555194364e-07, 8.415137484637835, 4.430236600629032e-06
map, 27.998202954, 0.050000001, -2.0101332664489746, -183.31858825683594, 0.0018793868366628885, -1.5702742140631865, 3.670281169035527e-05, 3.747543553767052e-05, -0.7069221613749521, 0.7072913508628969, 8.266366178771673, 1.5228876915271147e-06, 8.26636617877812, -1.3388942465100387e-06
map, 28.998202969, 0.050000001, -2.0059938430786133, -191.24554443359375, 0.0015974427806213498, -1.5702710182698787, -0.00025997520842707423, -0.0002593584031471696, -0.7069209846606829, 0.7072924335750245, 8.747480637992995, -1.4680152126183942e-05, 8.747480638008502, 9.231496655874201e-06
map, 29.998202984, 0.050000001, -2.0015130043029785, -199.817138671875, 0.0018435668898746371, -1.5702736814309688, -1.050899487707524e-06, -2.9799638689986807e-07, -0.7069219740040937, 0.707291540080158, 8.393310737888639, -3.1756377698218115e-06, 8.393310737892408, -6.86094927814013e-08
map, 30.998202999, 0.050000001, -1.9973020553588867, -207.88302612304688, 0.0016301728319376707, -1.570272216692369, -0.00022538188631288444, -0.00022474659319360324, -0.7069214203168546, 0.7072920218616745, 8.616485820001555, -1.0412593354280024e-05, 8.616485820011977, 1.2689880711451745e-05
map, 31.998203014, 0.050000001, -1.9928191900253296, -216.46038818359375, 0.001849441439844668, -1.5702743472212415, 5.269476963257528e-06, 6.0256804812475195e-06, -0.7069222094323733, 0.7072913047303601, 8.503427709978748, -5.151271859878955e-07, 8.503427709983361, -1.5028307259160822e-06
map, 32.998203028, 0.05, -1.9884907007217407, -224.75250244140625, 0.0019212722545489669, -1.5702743472212413, 8.077691215582201e-05, 8.157253512142137e-05, -0.7069222047565239, 0.7072913001325463, 8.098936231342847, 1.4554431141194505e-06, 8.098936231348082, -1.8075239255473647e-06
map, 33.998203043, 0.05, -1.9841572046279907, -233.05235290527344, 0.0017876435304060578, -1.5702743472212408, -5.9746132692302845e-05, -5.902387391387709e-05, -0.7069222069965603, 0.7072913022239805, 8.423936085201573, 2.064411659054358e-06, 8.423936085204764, 6.231080628884243e-06
map, 34.998203058, 0.050000001, -1.9809619188308716, -241.4165496826172, 0.0018999099265784025, -1.5705949918164868, 5.724012676650234e-05, 6.0264976745272314e-05, -0.7070355923721222, 0.7071779579502623, 8.10628417580415, -0.0006455045145755815, 8.106284201576658, -0.0006093937402667597
map, 35.998203073, 0.050000001, -1.9811053276062012, -249.73257446289062, 0.0018747329013422132, -1.570889670591104, 3.144847283288077e-05, 3.295197765684765e-05, -0.7071397816641414, 0.7070737777015574, 8.16874222930042, -0.0001484958845246891, 8.168742230668705, -0.00014123123294297902
map, 36.998203088, 0.050000001, -1.9821712970733643, -258.0502624511719, 0.0017961503472179174, -1.5709330801168724, -5.0829828712658084e-05, -5.0069673027230976e-05, -0.7071551273611093, 0.7070584281063695, 8.480222782282542, -7.0501167456247034e-06, 8.48022278228993, -7.220322596687688e-06
map, 37.998203103, 0.050000001, -1.983309030532837, -266.45037841796875, 0.0018537139985710382, -1.5709308164299456, 9.612871335651479e-06, 1.0364783829430735e-05, -0.7071543287782844, 0.7070592302560639, 8.436764792023828, 1.0211698377828504e-05, 8.43676479203466, 4.309051108322406e-06
map, 38.998203118, 0.050000001, -1.9843382835388184, -274.1863098144531, 0.0019322204170748591, -1.570930683271891, 9.209978377247054e-05, 9.284062160985762e-05, -0.7071542756829068, 0.7070592714063176, 7.090786043144322, 7.99845349114301e-06, 7.090786043154611, 3.716445598527435e-06
map, 39.998203133, 0.050000001, -1.9853761196136475, -282.1788330078125, 0.001825676066800952, -1.5709254901077654, -1.968110554599039e-05, -1.89253557609792e-05, -0.7071524455858083, 0.7070611133109326, 8.69737823186948, -5.843393432610942e-06, 8.697378231876005, -9.846933084922569e-06
map, 40.998203148, 0.050000001, -1.9864627122879028, -290.5143737792969, 0.001792946015484631, -1.5709265553722016, -5.424377868282561e-05, -5.3483507583274026e-05, -0.7071528204194812, 0.7070607348523178, 8.467081141809675, -5.338574461553632e-07, 8.467081141814667, 2.5859464452079185e-06
map, 41.998203163, 0.050000001, -1.987535834312439, -298.7472839355469, 0.0018173600547015667, -1.5709250906336019, -2.84903590894145e-05, -2.7733482774849882e-05, -0.707152304068809, 0.7070612542554771, 8.700271678946114, -2.9432234260285955e-06, 8.700271678950728, -5.107021616838334e-06
map, 42.998203177, 0.05, -1.9886325597763062, -307.1565246582031, 0.0018671035068109632, -1.5709265553722016, 2.3732961652160964e-05, 2.4483078614911946e-05, -0.7071528220186185, 0.707060736534302, 8.286032747400238, -3.4166314548321086e-06, 8.28603274740576, -2.2138298656936612e-06
map, 43.998203192, 0.05, -1.9336729049682617, -315.4571533203125, 0.0018310927553102374, -1.5405646547325351, 0.00027509356561957127, -0.00029372471715738424, -0.696337834768717, 0.7177140502448975, 8.49561055540002, 0.17644950666637535, 8.4974454927432, 0.16791496989058605
map, 44.998203207, 0.050000001, -0.2635168135166168, -323.54644775390625, -0.0004376602009870112, -1.2033189785158769, 0.0009147116070284099, -0.00047329508795146413, -0.5660111381482498, 0.8243969497678645, 8.046465430221659, 0.6045749885924985, 8.06915783157944, 0.5597881387562493
map, 45.998203222, 0.050000001, 5.583548545837402, -329.208984375, -0.00034812919329851866, -0.46823558469815957, 0.0013937644582424265, -0.000407647659432242, -0.23198458756276463, 0.9727183777318871, 8.420850842182077, 0.6235672594881502, 8.443914513191002, 0.6252449765038982
map, 46.998203237, 0.050000001, 13.723466873168945, -330.6784973144531, 0.0018688583513721824, -0.04646069694562775, 0.0005734862873277494, -4.8620150396527784e-05, -0.023228235044337603, 0.9997300224792112, 8.421020825892446, 0.1572528412089737, 8.42248897573454, 0.16523744437537718
map, 47.998203252, 0.050000001, 21.97442626953125, -330.6427307128906, 0.001781616359949112, 0.014641524960443115, 1.9058230684699854e-05, -9.272699731421863e-05, 0.007320698763329089, 0.9999731988449013, 8.3747553658727, 0.00022007602618212912, 8.374755512085036, 0.0008974357431977521
map, 48.998203267, 0.050000001, 30.334482192993164, -330.56158447265625, 0.0018689727876335382, 0.005080245575286105, -3.950867410128192e-05, 3.691424325324988e-05, 0.00254012151127027, 0.9999967724243473, 8.335663599945315, -0.014449650351736641, 8.335676146673979, -0.013892542112777273
map, 49.998203282, 0.050000001, 38.09510803222656, -330.54736328125, 0.001739006140269339, -0.00024735560163940154, -9.07409842389092e-06, -0.00015646105524724785, -0.00012367921571101014, 0.9999999800705248, 7.751104271679115, -0.0021648512626118604, 7.751104952951301, -0.0019859597964668194
map, 50.998203297, 0.050000001, 46.62055587768555, -330.5570373535156, 0.001880111638456583, -0.0011621132539197344, 1.0336797682142682e-06, 5.352437467531779e-05, -0.0005810566470935125, 0.9999998297536083, 8.494872113313459, 0.0007736787128278241, 8.494872197151178, 0.0007480332512858637
map, 51.998203312, 0.050000001, 54.87840270996094, -330.5636291503906, 0.0016980363288894296, -0.0006387261580162055, 5.90477588030003e-07, -0.00021737833249535488, -0.00031936292258591046, 0.9999999253768154, 8.707403918616686, 0.00034121124768025696, 8.70740474791269, 0.00036498925075939006
map, 52.998203326, 0.05, 62.08097839355469, -330.5672912597656, 0.0027349083684384823, -0.0006036872544417357, 8.762156053986096e-09, 0.0017936219869174597, -0.000301842181769001, 0.9999983459043644, 1.6505734430843333, 7.627206090454542e-06, 1.650585644816241, -1.168870631010661e-05
map, 53.998203341, 0.05, 62.13225555419922, -330.5672912597656, 0.0017887877766042948, -0.0005992228185752998, -4.806825647040249e-07, 0.00017339004557048732, -0.0002996113079482703, 0.9999999400843608, 0.0, -0.0, 0.0, -0.0
map, 54.998203356, 0.05, 62.13225555419922, -330.5672912597656, 0.0017887877766042948, -0.0005992228185752998, -4.806825647040249e-07, 0.00017339004557048732, -0.0002996113079482703, 0.9999999400843608, 0.0, -0.0, 0.0, -0.0
map, 55.998203371, 0.050000001, 62.13225555419922, -330.5672912597656, 0.0017887877766042948, -0.0005992228185752998, -4.806825647040249e-07, 0.00017339004557048732, -0.0002996113079482703, 0.9999999400843608, 0.0, -0.0, 0.0, -0.0
map, 56.998203386, 0.050000001, 62.13225555419922, -330.5672912597656, 0.0017887877766042948, -0.0005992228185752998, -4.806825647040249e-07, 0.00017339004557048732, -0.0002996113079482703, 0.9999999400843608, 0.0, -0.0, 0.0, -0.0
map, 57.998203401, 0.050000001, 62.13225555419922, -330.5672912597656, 0.0017887877766042948, -0.0005992228185752998, -4.806825647040249e-07, 0.00017339004557048732, -0.0002996113079482703, 0.9999999400843608, 0.0, -0.0, 0.0, -0.0
map, 58.998203416, 0.050000001, 62.13225555419922, -330.5672912597656, 0.0017887877766042948, -0.0005992228185752998, -4.806825647040249e-07, 0.00017339004557048732, -0.0002996113079482703, 0.9999999400843608, 0.0, -0.0, 0.0, -0.0
map, 59.998203431, 0.050000001, 62.13225555419922, -330.5672912597656, 0.0017887877766042948, -0.0005992228185752998, -4.806825647040249e-07, 0.00017339004557048732, -0.0002996113079482703, 0.9999999400843608, 0.0, -0.0, 0.0, -0.0
map, 60.998203446, 0.050000001, 62.13225555419922, -330.5672912597656, 0.0017887877766042948, -0.0005992228185752998, -4.806825647040249e-07, 0.00017339004557048732, -0.0002996113079482703, 0.9999999400843608, 0.0, -0.0, 0.0, -0.0
map, 61.998203461, 0.050000001, 62.13225555419922, -330.5672912597656, 0.0017887877766042948, -0.0005992228185752998, -4.806825647040249e-07, 0.00017339004557048732, -0.0002996113079482703, 0.9999999400843608, 0.0, -0.0, 0.0, -0.0
map, 62.998203475, 0.05, 62.13225555419922, -330.5672912597656, 0.0017887877766042948, -0.0005992228185752998, -4.806825647040249e-07, 0.00017339004557048732, -0.0002996113079482703, 0.9999999400843608, 0.0, -0.0, 0.0, -0.0
map, 63.99820349, 0.05, 62.13225555419922, -330.5672912597656, 0.0017887877766042948, -0.0005992228185752998, -4.806825647040249e-07, 0.00017339004557048732, -0.0002996113079482703, 0.9999999400843608, 0.0, -0.0, 0.0, -0.0
map, 64.998203505, 0.05, 62.13225555419922, -330.5672912597656, 0.0017887877766042948, -0.0005992228185752998, -4.806825647040249e-07, 0.00017339004557048732, -0.0002996113079482703, 0.9999999400843608, 0.0, -0.0, 0.0, -0.0
map, 65.99820352, 0.050000001, 62.13225555419922, -330.5672912597656, 0.0017887877766042948, -0.0005992228185752998, -4.806825647040249e-07, 0.00017339004557048732, -0.0002996113079482703, 0.9999999400843608, 0.0, -0.0, 0.0, -0.0
map, 66.998203535, 0.050000001, 62.13225555419922, -330.5672912597656, 0.0017887877766042948, -0.0005992228185752998, -4.806825647040249e-07, 0.00017339004557048732, -0.0002996113079482703, 0.9999999400843608, 0.0, -0.0, 0.0, -0.0
map, 67.99820355, 0.050000001, 62.13225555419922, -330.5672912597656, 0.0017887877766042948, -0.0005992228185752998, -4.806825647040249e-07, 0.00017339004557048732, -0.0002996113079482703, 0.9999999400843608, 0.0, -0.0, 0.0, -0.0
map, 68.998203565, 0.050000001, 62.13225555419922, -330.5672912597656, 0.0017887877766042948, -0.0005992228185752998, -4.806825647040249e-07, 0.00017339004557048732, -0.0002996113079482703, 0.9999999400843608, 0.0, -0.0, 0.0, -0.0
map, 69.99820358, 0.050000001, 62.13225555419922, -330.5672912597656, 0.0017887877766042948, -0.0005992228185752998, -4.806825647040249e-07, 0.00017339004557048732, -0.0002996113079482703, 0.9999999400843608, 0.0, -0.0, 0.0, -0.0
map, 70.998203595, 0.050000001, 62.13225555419922, -330.5672912597656, 0.0017887877766042948, -0.0005992228185752998, -4.806825647040249e-07, 0.00017339004557048732, -0.0002996113079482703, 0.9999999400843608, 0.0, -0.0, 0.0, -0.0
map, 71.99820361, 0.050000001, 62.13225555419922, -330.5672912597656, 0.0017887877766042948, -0.0005992228185752998, -4.806825647040249e-07, 0.00017339004557048732, -0.0002996113079482703, 0.9999999400843608, 0.0, -0.0, 0.0, -0.0
map, 72.998203624, 0.05, 62.13225555419922, -330.5672912597656, 0.0017887877766042948, -0.0005992228185752998, -4.806825647040249e-07, 0.00017339004557048732, -0.0002996113079482703, 0.9999999400843608, 0.0, -0.0, 0.0, -0.0
map, 73.998203639, 0.05, 62.13225555419922, -330.5672912597656, 0.0017887877766042948, -0.0005992228185752998, -4.806825647040249e-07, 0.00017339004557048732, -0.0002996113079482703, 0.9999999400843608, 0.0, -0.0, 0.0, -0.0
map, 74.998203654, 0.05, 62.13225555419922, -330.5672912597656, 0.0017887877766042948, -0.0005992228185752998, -4.806825647040249e-07, 0.00017339004557048732, -0.0002996113079482703, 0.9999999400843608, 0.0, -0.0, 0.0, -0.0
map, 75.998203669, 0.050000001, 62.13225555419922, -330.5672912597656, 0.0017887877766042948, -0.0005992228185752998, -4.806825647040249e-07, 0.00017339004557048732, -0.0002996113079482703, 0.9999999400843608, 0.0, -0.0, 0.0, -0.0
map, 76.998203684, 0.050000001, 62.13225555419922, -330.5672912597656, 0.0017887877766042948, -0.0005992228185752998, -4.806825647040249e-07, 0.00017339004557048732, -0.0002996113079482703, 0.9999999400843608, 0.0, -0.0, 0.0, -0.0
map, 77.998203699, 0.050000001, 62.13225555419922, -330.5672912597656, 0.0017887877766042948, -0.0005992228185752998, -4.806825647040249e-07, 0.00017339004557048732, -0.0002996113079482703, 0.9999999400843608, 0.0, -0.0, 0.0, -0.0
map, 78.998203714, 0.050000001, 64.19792175292969, -330.5691833496094, 0.0013551333686336875, -0.0010712977052463376, -8.923870988817906e-07, -0.0006716246728765141, -0.0005356490639271121, 0.9999996309997232, 5.0863624866671255, 0.00035891841507123087, 5.0863782662911134, 0.0001764695159970066
map, 79.998203729, 0.050000001, 71.23571014404297, -330.57330322265625, 0.0018267059931531549, -0.0004410810166043254, -2.721920239411344e-07, -2.664321625633903e-05, -0.00022054051353163223, 0.9999999753259734, 8.22639927805518, -4.8219443432104844e-05, 8.226399289661675, -4.288786949953157e-05
map, 80.998203744, 0.050000001, 79.67041778564453, -330.35784912109375, 0.0018954466795548797, 0.09114353412654587, 0.0007234516469463611, 0.00010978269048644851, 0.04555592693915015, 0.9989615218246349, 8.435202303835746, 0.18779920565285158, 8.437293024854839, 0.21309681271956854
map, 81.998203759, 0.050000001, 87.36249542236328, -327.59814453125, 0.001757812569849193, 0.5983843337493591, 0.0018035210209557126, 0.0004231266035662484, 0.2947480768437006, 0.9555731994320185, 8.674418667331686, 0.5231548548395993, 8.69019854921598, 0.563697459499404
map, 82.998203773, 0.05, 92.46839904785156, -321.8280029296875, 0.002008361741900444, 0.9518967310622756, 0.0001768098770305824, 0.0003661433451578322, 0.4581815074828326, 0.8888585606709751, 6.6341136558708085, 0.1489321143923138, 6.635787354565468, 0.13050255832439506
map, 83.998203788, 0.05, 93.3844223022461, -314.3771057128906, 0.006342087406665087, 1.639418398077132, -0.0007409704894509759, -0.00357903097537815, 0.7309384764707189, 0.682433575606209, 8.511058936547071, 0.11322708138996937, 8.511814993325817, 0.12009414248079518
map, 84.998203803, 0.05, 92.65348052978516, -306.0081481933594, 0.0019161223899573088, 1.6371042442479078, -0.00018578095244856227, -5.1190037550052914e-05, 0.7301572884563666, 0.6832790769364036, 8.117852430986106, -0.012959483324190443, 8.117863236651413, -0.06472935784519085
map, 85.998203818, 0.050000001, 92.41690063476562, -298.0229187011719, 0.0016405488131567836, 1.5767391707674085, 0.00013509144966714643, -0.0002935088237293604, 0.7092047079678323, 0.7050025374416268, 8.835198321497733, -0.024624201501785934, 8.835232857035274, -0.026720312890443434
map, 86.998203833, 0.050000001, 92.410400390625, -289.5780944824219, 0.0018875121604651213, 1.5706221560596056, -4.804721133705315e-05, 4.315899160300951e-05, 0.7070451985345921, 0.7071683555264238, 8.100343923589989, -0.0005551417242877059, 8.100343942797988, -0.0005502068055600251
map, 87.998203848, 0.050000001, 92.41194152832031, -282.0212097167969, 0.0016273880610242486, 1.5706901998254572, 0.0002282948099454772, -0.00022773409737553152, 0.7070692219744797, 0.7071442648816892, 8.219962120987075, 0.00042736540953722393, 8.219962132101168, 0.000392548059138822
map, 88.998203863, 0.050000001, 92.41156768798828, -273.45672607421875, 0.0018265153048560023, 1.5709193648372586, 1.8503603607022762e-05, -1.8501327099684772e-05, 0.7071502801234278, 0.7070632790894145, 8.567532616175425, 9.719395953608163e-05, 8.567532616726785, 0.00011277387589729325
map, 89.998203878, 0.050000001, 92.41060638427734, -265.22247314453125, 0.0018869781633839011, 1.5709661033143891, -4.5393247409074385e-05, 4.4632353894735743e-05, 0.7071668022939166, 0.7070467521181342, 7.940081241879827, 4.6604404385328395e-05, 7.940081242019532, 4.543636219416425e-05
map, 90.998203893, 0.050000001, 92.40908813476562, -256.92791748046875, 0.0017615891993045807, 1.5709752912201507, 8.645367267301677e-05, -8.71913963378379e-05, 0.7071700464577891, 0.7070434995927135, 8.798112047288894, -5.134359783160432e-05, 8.798112047443261, -4.1262973879598885e-05
map, 91.998203908, 0.050000001, 92.40803527832031, -248.4814910888672, 0.001882858225144446, 1.5709667691046618, -4.1051767266681956e-05, 4.0291583694784805e-05, 0.7071670379270336, 0.7070465169710168, 8.299740918096019, 3.651355347465025e-05, 8.2997409181809, 3.422019366239093e-05
map, 92.998203922, 0.05, 92.40667724609375, -240.14698791503906, 0.0018344878917559981, 1.57097529122015, 9.697402919253733e-06, -1.0448856705091991e-05, 0.707170051757662, 0.7070435048098863, 8.348186630280786, 2.055431766947777e-05, 8.348186630312812, 2.7298341910910387e-05
map, 93.998203937, 0.05, 92.40548706054688, -231.8357391357422, 0.0018548965454101562, 1.570966103314389, -1.1672909507946566e-05, 1.0917735310256305e-05, 0.7071668036185649, 0.7070467534784727, 8.246182566453287, 3.475711413558291e-05, 8.246182566530013, 3.197531742412615e-05
map, 94.998203952, 0.05, 92.4041748046875, -223.4945831298828, 0.0018078613793477416, 1.5709635733113532, 3.776948974076855e-05, -3.851636186724683e-05, 0.7071659082378348, 0.7070476471328604, 8.50105107040959, 1.4497314573100934e-05, 8.50105107042664, 1.3555623439778055e-05
map, 95.998203967, 0.050000001, 92.4027328491211, -215.20542907714844, 0.0018301390809938312, 1.5709795522778938, 1.4207550402412684e-05, -1.4958134971765347e-05, 0.7071715580516247, 0.7070419980858546, 8.455097336641417, -2.053982175843059e-05, 8.4550973366735, -2.4575573004593007e-05
map, 96.998203982, 0.050000001, 92.6783218383789, -206.85487365722656, 0.001863403245806694, 1.4436476952906985, -0.0010191540496921427, -0.0008595213271880286, 0.6607541946613646, 0.7506011702532333, 8.423841994309146, -0.5330508730168969, 8.440719224099732, -0.5225964949220475
map, 97.998203997, 0.050000001, 96.40248107910156, -199.9246063232422, 0.0019254302605986595, 0.7284227613524021, -0.0017931044318603131, -0.000552989091716416, 0.3562121018661753, 0.9344032413597689, 8.014099342604906, -0.5566374193812649, 8.03342511845025, -0.579359776186269
map, 98.998204012, 0.050000001, 104.30888366699219, -198.11122131347656, 0.0018015671521425247, -0.06425804491127408, -0.001669630360955643, -9.312857385590512e-06, -0.03212355526863732, 0.9994825108247927, 8.887741678004305, -0.3988735473134712, 8.896687960577406, -0.4655618708322607
map, 99.998204027, 0.050000001, 112.681640625, -198.94053649902344, 0.0018663406372070312, -0.06458592165335486, 0.0003010297999041304, 2.36118505163585e-05, -0.03228735693488614, 0.9994785817643614, 8.243804015113291, 0.11270971379081823, 8.244574470916575, 0.1102294276184918
map, 100.998204042, 0.050000001, 120.9274673461914, -199.1426544189453, 0.0017661667661741376, -0.009635932679908775, 6.545726497749007e-05, -0.00011630734864376269, -0.004817940000070113, 0.9999883847535944, 8.383552958615098, 0.012613883934693194, 8.383562675673671, 0.014523989050505368
map, 101.998204057, 0.050000001, 129.298828125, -199.15557861328125, 0.0017986298771575093, 0.0014546184573640472, 1.012569644111379e-05, -6.758431651898711e-05, 0.0007273098439517027, 0.9999997331750751, 8.55436341622173, 0.0018131701509886877, 8.554363686419553, 0.002176311185937672
map, 102.998204072, 0.050000001, 137.6363067626953, -199.14561462402344, 0.0017817688640207052, 0.0005752427954570845, -5.033329937569716e-06, -9.274627204991504e-05, 0.0002876209232329383, 0.9999999543234986, 8.545320925952492, -0.0014807110254006373, 8.545321201224393, -0.001531110737669863
map, 103.998204086, 0.05, 145.97303771972656, -199.1444854736328, 0.0017889024456962943, -2.2600150021879458e-05, -1.332507200241189e-06, -8.201596749990436e-05, -1.1300184183559887e-05, 0.9999999965719558, 8.441857231785296, -0.00022556150424458483, 8.44185734821878, -0.00022402657706647384
map, 104.998204101, 0.05, 154.3422393798828, -199.14508056640625, 0.0018893813248723745, -0.00011797869460363867, -5.286555441202344e-07, 6.741288117229072e-05, -5.8989311227307835e-05, 0.999999995987743, 8.199294064141444, 7.448235692319598e-05, 8.199294138884882, 6.210034418891786e-05
map, 105.998204116, 0.050000001, 162.62374877929688, -199.14578247070312, 0.0019379042787477374, -0.0001091144107039474, -5.250196019177829e-07, 0.0001395344876794491, -5.455713047324223e-05, 0.9999999887766851, 7.880847186834263, 6.606918488371892e-05, 7.880847494053396, 5.6219259091133285e-05
map, 106.998204131, 0.050000001, 171.01292419433594, -199.14634704589844, 0.0018618392059579492, -0.00010795184596102595, -5.312069588034063e-07, 2.6404885274500245e-05, -5.3975908871403496e-05, 0.9999999981945505, 8.396183045682248, 5.022606561579645e-05, 8.396183057567143, 5.064260724564421e-05
map, 107.998204146, 0.050000001, 179.16917419433594, -199.14703369140625, 0.0018334960332140326, -0.00012662418284991925, -5.336359878896206e-07, -1.585480113908133e-05, -6.331209981949152e-05, 0.9999999978699592, 8.102955879589853, -4.383270698452975e-06, 8.102955883692646, -1.5599011666210766e-06
map, 108.998204161, 0.050000001, 187.60791015625, -199.14756774902344, 0.0018970107194036245, -0.00012189207361158726, -7.941604682347224e-07, 7.855896876030055e-05, -6.094597381546221e-05, 0.9999999950567229, 8.14070030889196, -7.16157901743933e-05, 8.140700409791382, -7.035984149997498e-05
map, 109.998204176, 0.050000001, 194.94497680664062, -199.14816284179688, 0.001781997736543417, -0.000108241788197006, -5.376354866677428e-07, -9.244677076603036e-05, -5.412094308094596e-05, 0.9999999942621146, 7.10704748080656, -2.6957910683674426e-05, 7.107047602434025, -1.181969436945966e-05
map, 110.998204191, 0.050000001, 203.38134765625, -199.14894104003906, 0.0018759536324068904, -9.455766873820505e-05, -5.303890268726796e-07, 4.7445319239947104e-05, -4.7278809027377857e-05, 0.9999999977566877, 8.39847183321905, -1.1661796887663332e-05, 8.398471870932283, -8.149790646096077e-06
map, 111.998204206, 0.050000001, 211.71380615234375, -199.1494903564453, 0.0017883683321997523, -0.00011334208953392793, -5.373374752527489e-07, -8.302923431113829e-05, -5.6671088765334045e-05, 0.9999999949471228, 8.457443178253314, -2.858295766489275e-05, 8.457443294916612, -2.14432418955088e-05
map, 112.998204221, 0.050000001, 220.02737426757812, -199.15028381347656, 0.0018751525785773993, -0.00010042197904200523, -5.303187443434883e-07, 4.607441620196884e-05, -5.0210964905899324e-05, 0.9999999976778629, 8.23903847361724, 3.3928998019802816e-06, 8.239038508610799, 7.2526236246948406e-06
map, 113.998204235, 0.05, 228.32815551757812, -199.15115356445312, 0.0019313811790198088, -0.00010744330312738233, -2.5934842432004833e-07, 0.00012969971366616484, -5.3721616544876604e-05, 0.9999999901459525, 8.225206135540676, 9.433288068328523e-05, 8.225206413003757, 8.272323038950961e-05
map, 114.99820425, 0.05, 236.69973754882812, -199.15182495117188, 0.0018556975992396474, -0.00012622044184200807, -5.31537541499383e-07, 1.734498362138126e-05, -6.311021163112956e-05, 0.999999997857985, 8.268700655867821, 3.7420628092796026e-05, 8.268700660898695, 2.4005437256150614e-05
map, 115.998204265, 0.050000001, 244.89288330078125, -199.1522216796875, 0.001867217943072319, -0.00012955991808745484, -7.967204203449746e-07, 3.4391930966326534e-05, -6.47799314827539e-05, 0.99999999731006, 8.02599817350407, -7.37995840550772e-05, 8.025998192801614, -6.563845626390013e-05
map, 116.99820428, 0.050000001, 253.37266540527344, -199.15277099609375, 0.001938362023793161, -0.00010404460308169295, -5.253298975832856e-07, 0.0001403689510662831, -5.202222623985426e-05, 0.9999999887949848, 7.99632570258202, -4.6785592825681015e-05, 7.996326017981948, -4.9876306373756085e-05
map, 117.998204295, 0.050000001, 261.6844787597656, -199.1537628173828, 0.0019301986321806908, -9.853749673621143e-05, -5.263213605043321e-07, 0.00012809040197658828, -4.926867971892548e-05, 0.9999999905825844, 8.19212604494479, 5.5446943383199235e-06, 8.19212631333586, 4.298314407127451e-06
map, 118.99820431, 0.050000001, 269.81695556640625, -199.1545867919922, 0.0018343734554946423, -0.0001175488567626684, -2.6716737725036165e-07, -1.4483912588070247e-05, -5.877443219863162e-05, 0.9999999981678557, 8.619371458723569, 9.717550022018507e-05, 8.619371462859629, 8.472968755380582e-05
map, 119.998204325, 0.050000001, 278.25067138671875, -199.15516662597656, 0.001900367671623826, -0.00012020164738902857, -5.276062331733656e-07, 8.362534620443007e-05, -6.010077890664174e-05, 0.99999999469721, 8.211914000274385, 5.707897221181279e-05, 8.2119141151621, 4.291461651841417e-05
map, 120.99820434, 0.050000001, 286.5331115722656, -199.15565490722656, 0.0017894746270030737, -0.00011164624238714259, -5.371706441461268e-07, -8.130069953637964e-05, -5.5823164283465626e-05, 0.9999999951368411, 8.444078383201811, 2.9176715173887335e-05, 8.444078494854734, 3.429746824626688e-05
map, 121.998204355, 0.050000001, 294.8235778808594, -199.15652465820312, 0.0018159867031499743, -0.00010273486065264908, -2.68465432202711e-07, -4.184244636551426e-05, -5.1367441402086585e-05, 0.9999999978052618, 8.485050211497217, 4.8657500646629986e-05, 8.485050241334235, 5.137361928253135e-05
map, 122.99820437, 0.050000001, 303.2186279296875, -199.15704345703125, 0.001851959154009819, -0.00011163836701147493, -5.31976750186486e-07, 1.174214370747162e-05, -5.581917721866686e-05, 0.9999999983730291, 8.286986395503977, 4.3743687762406655e-05, 8.286986397886075, 4.518420388123457e-05
map, 123.998204384, 0.05, 310.8236999511719, -199.1575164794922, 0.00239219656214118, -0.0001271345787131286, -4.7497241020790697e-07, 0.0009070633422848529, -6.356678003219261e-05, 0.9999995865974809, 4.521568225584398, 8.807657765115628e-06, 4.521591193882335, -1.4545786334830705e-05
map, 124.998204399, 0.05, 311.2369384765625, -199.1575164794922, 0.0018067549681290984, -0.0001227003927416493, -5.203125622181385e-07, 0.00020080806626732173, -6.135008813856993e-05, 0.9999999779560078, 0.0, -0.0, 0.0, -0.0
map, 125.998204414, 0.050000001, 311.2369384765625, -199.1575164794922, 0.0018067549681290984, -0.0001227003927416493, -5.203125622181385e-07, 0.00020080806626732173, -6.135008813856993e-05, 0.9999999779560078, 0.0, -0.0, 0.0, -0.0
map, 126.998204429, 0.050000001, 311.2369384765625, -199.1575164794922, 0.0018067549681290984, -0.0001227003927416493, -5.203125622181385e-07, 0.00020080806626732173, -6.135008813856993e-05, 0.9999999779560078, 0.0, -0.0, 0.0, -0.0
map, 127.998204444, 0.050000001, 311.2369384765625, -199.1575164794922, 0.0018067549681290984, -0.0001227003927416493, -5.203125622181385e-07, 0.00020080806626732173, -6.135008813856993e-05, 0.9999999779560078, 0.0, -0.0, 0.0, -0.0
map, 128.998204459, 0.050000001, 311.2369384765625, -199.1575164794922, 0.0018067549681290984, -0.0001227003927416493, -5.203125622181385e-07, 0.00020080806626732173, -6.135008813856993e-05, 0.9999999779560078, 0.0, -0.0, 0.0, -0.0
map, 129.998204474, 0.050000001, 311.2369384765625, -199.1575164794922, 0.0018067549681290984, -0.0001227003927416493, -5.203125622181385e-07, 0.00020080806626732173, -6.135008813856993e-05, 0.9999999779560078, 0.0, -0.0, 0.0, -0.0
map, 130.998204489, 0.050000001, 311.2369384765625, -199.1575164794922, 0.0018067549681290984, -0.0001227003927416493, -5.203125622181385e-07, 0.00020080806626732173, -6.135008813856993e-05, 0.9999999779560078, 0.0, -0.0, 0.0, -0.0
map, 131.998204504, 0.050000001, 311.2369384765625, -199.1575164794922, 0.0018067549681290984, -0.0001227003927416493, -5.203125622181385e-07, 0.00020080806626732173, -6.135008813856993e-05, 0.9999999779560078, 0.0, -0.0, 0.0, -0.0
map, 132.998204519, 0.050000001, 311.2369384765625, -199.1575164794922, 0.0018067549681290984, -0.0001227003927416493, -5.203125622181385e-07, 0.00020080806626732173, -6.135008813856993e-05, 0.9999999779560078, 0.0, -0.0, 0.0, -0.0
map, 133.998204533, 0.05, 311.2369384765625, -199.1575164794922, 0.0018067549681290984, -0.0001227003927416493, -5.203125622181385e-07, 0.00020080806626732173, -6.135008813856993e-05, 0.9999999779560078, 0.0, -0.0, 0.0, -0.0
map, 134.998204548, 0.05, 311.2369384765625, -199.1575164794922, 0.0018067549681290984, -0.0001227003927416493, -5.203125622181385e-07, 0.00020080806626732173, -6.135008813856993e-05, 0.9999999779560078, 0.0, -0.0, 0.0, -0.0
map, 135.998204563, 0.050000001, 311.2369384765625, -199.1575164794922, 0.0018067549681290984, -0.0001227003927416493, -5.203125622181385e-07, 0.00020080806626732173, -6.135008813856993e-05, 0.9999999779560078, 0.0, -0.0, 0.0, -0.0
map, 136.998204578, 0.050000001, 311.2369384765625, -199.1575164794922, 0.0018067549681290984, -0.0001227003927416493, -5.203125622181385e-07, 0.00020080806626732173, -6.135008813856993e-05, 0.9999999779560078, 0.0, -0.0, 0.0, -0.0
map, 137.998204593, 0.050000001, 311.2369384765625, -199.1575164794922, 0.0018067549681290984, -0.0001227003927416493, -5.203125622181385e-07, 0.00020080806626732173, -6.135008813856993e-05, 0.9999999779560078, 0.0, -0.0, 0.0, -0.0
map, 138.998204608, 0.050000001, 311.2369384765625, -199.1575164794922, 0.0018067549681290984, -0.0001227003927416493, -5.203125622181385e-07, 0.00020080806626732173, -6.135008813856993e-05, 0.9999999779560078, 0.0, -0.0, 0.0, -0.0
map, 139.998204623, 0.050000001, 311.2369384765625, -199.1575164794922, 0.0018067549681290984, -0.0001227003927416493, -5.203125622181385e-07, 0.00020080806626732173, -6.135008813856993e-05, 0.9999999779560078, 0.0, -0.0, 0.0, -0.0
map, 140.998204638, 0.050000001, 311.2369384765625, -199.1575164794922, 0.0018067549681290984, -0.0001227003927416493, -5.203125622181385e-07, 0.00020080806626732173, -6.135008813856993e-05, 0.9999999779560078, 0.0, -0.0, 0.0, -0.0
map, 141.998204653, 0.050000001, 311.2369384765625, -199.1575164794922, 0.0018067549681290984, -0.0001227003927416493, -5.203125622181385e-07, 0.00020080806626732173, -6.135008813856993e-05, 0.9999999779560078, 0.0, -0.0, 0.0, -0.0
map, 142.998204668, 0.050000001, 311.2369384765625, -199.1575164794922, 0.0018067549681290984, -0.0001227003927416493, -5.203125622181385e-07, 0.00020080806626732173, -6.135008813856993e-05, 0.9999999779560078, 0.0, -0.0, 0.0, -0.0
map, 143.998204682, 0.05, 311.2369384765625, -199.1575164794922, 0.0018067549681290984, -0.0001227003927416493, -5.203125622181385e-07, 0.00020080806626732173, -6.135008813856993e-05, 0.9999999779560078, 0.0, -0.0, 0.0, -0.0
map, 144.998204697, 0.05, 311.2369384765625, -199.1575164794922, 0.0018067549681290984, -0.0001227003927416493, -5.203125622181385e-07, 0.00020080806626732173, -6.135008813856993e-05, 0.9999999779560078, 0.0, -0.0, 0.0, -0.0
map, 145.998204712, 0.05, 311.2369384765625, -199.1575164794922, 0.0018067549681290984, -0.0001227003927416493, -5.203125622181385e-07, 0.00020080806626732173, -6.135008813856993e-05, 0.9999999779560078, 0.0, -0.0, 0.0, -0.0
map, 146.998204727, 0.050000001, 311.2369384765625, -199.1575164794922, 0.0018067549681290984, -0.0001227003927416493, -5.203125622181385e-07, 0.00020080806626732173, -6.135008813856993e-05, 0.9999999779560078, 0.0, -0.0, 0.0, -0.0
map, 147.998204742, 0.050000001, 311.2369384765625, -199.1575164794922, 0.0018067549681290984, -0.0001227003927416493, -5.203125622181385e-07, 0.00020080806626732173, -6.135008813856993e-05, 0.9999999779560078, 0.0, -0.0, 0.0, -0.0
map, 148.998204757, 0.050000001, 311.2369384765625, -199.1575164794922, 0.0018067549681290984, -0.0001227003927416493, -5.203125622181385e-07, 0.00020080806626732173, -6.135008813856993e-05, 0.9999999779560078, 0.0, -0.0, 0.0, -0.0
map, 149.998204772, 0.050000001, 311.2369384765625, -199.1575164794922, 0.0018067549681290984, -0.0001227003927416493, -5.203125622181385e-07, 0.00020080806626732173, -6.135008813856993e-05, 0.9999999779560078, 0.0, -0.0, 0.0, -0.0
map, 150.998204787, 0.050000001, 311.2369384765625, -199.1575164794922, 0.0018067549681290984, -0.0001227003927416493, -5.203125622181385e-07, 0.00020080806626732173, -6.135008813856993e-05, 0.9999999779560078, 0.0, -0.0, 0.0, -0.0
map, 151.998204802, 0.050000001, 311.2369384765625, -199.1575164794922, 0.0018067549681290984, -0.0001227003927416493, -5.203125622181385e-07, 0.00020080806626732173, -6.135008813856993e-05, 0.9999999779560078, 0.0, -0.0, 0.0, -0.0
map, 152.998204817, 0.050000001, 311.2369384765625, -199.1575164794922, 0.0018067549681290984, -0.0001227003927416493, -5.203125622181385e-07, 0.00020080806626732173, -6.135008813856993e-05, 0.9999999779560078, 0.0, -0.0, 0.0, -0.0
map, 153.998204831, 0.05, 311.50457763671875, -199.1575164794922, 0.001309662009589374, -0.00011952737219164877, -5.613754589310694e-07, -0.00048094980676760546, -5.9763935317552016e-05, 0.9999998825576136, 1.7180057450870565, -2.6302804279265493e-06, 1.7180068944901978, 5.0971972076122555e-06
map, 154.998204846, 0.05, 316.0624084472656, -199.15780639648438, 0.0014890291495248675, -9.730076204666772e-05, -5.603569131752748e-07, -0.000569879940419904, -4.8650676640584935e-05, 0.9999998364348125, 7.177719525166049, -0.00043776220224961675, 7.177723977245811, 0.011274766073040569
map, 155.998204861, 0.05, 324.54364013671875, -199.1913299560547, 0.0018537139985710382, -0.01869136698239667, -0.00019267240720274227, 1.592762408431092e-05, -0.009345544548725233, 0.9999563107559963, 8.555725130514189, -0.046991215090739294, 8.555854182211538, -0.05632571557474298
map, 156.998204876, 0.050000001, 332.26513671875, -201.42884826660156, 0.0031955717131495476, -0.605947112033939, -0.003451919180300495, 0.0012805198112443295, -0.298356945548727, 0.9544472628520758, 8.014725059697495, -1.5724034158871736, 8.167639528424832, -1.4566519108935554
map, 157.998204891, 0.050000001, 335.0216979980469, -209.09197998046875, 0.001679267967119813, -1.4986792560560955, -0.001176684869450902, 0.0008860056340767031, -0.681154849612859, 0.7321378977048092, 8.683375929281134, -0.43638638240134187, 8.694374846154297, -0.4426301563444018
map, 158.998204906, 0.050000001, 334.93890380859375, -217.2712860107422, 0.001768722664564848, -1.5981568448860437, -9.869889597256278e-05, -5.924835247284044e-05, -0.716713714407594, 0.6973675059308619, 8.165724649304597, 0.0019448383482692701, 8.165724894811962, 0.0010961314873555819
map, 159.998204921, 0.050000001, 334.7896728515625, -225.85585021972656, 0.0018988800002261996, -1.580003140999409, 8.465897366832495e-05, 3.032158838967014e-05, -0.7103543771154287, 0.7038441949937575, 8.309690121917445, 0.01083890802704279, 8.309697215889953, 0.011351344437947957
map, 160.998204936, 0.050000001, 334.7556457519531, -234.1004638671875, 0.0018540191231295466, -1.5724445571935468, 1.8236415207931767e-05, 2.4868603508698683e-06, -0.7076892784405072, 0.7065238034501053, 8.271655480784156, 0.003680983280687524, 8.271656301921789, 0.0036703192002254174
map, 161.998204951, 0.050000001, 334.7515869140625, -242.46722412109375, 0.0019025420770049095, -1.5710510581531627, 6.0850905825036393e-05, 6.196514549283716e-05, -0.7071968338702846, 0.7070167116987635, 8.138327926088417, -0.0002492232084518583, 8.138327929912457, -0.00022357404774062055
map, 162.998204966, 0.050000001, 334.74774169921875, -250.80581665039062, 0.001859588548541069, -1.5712380120616865, 1.583392691257938e-05, 1.695656761335762e-05, -0.7072629230621745, 0.7069506044436978, 8.303402814675568, -0.0001306956692586608, 8.30340281571442, -0.00013071854920623463
map, 163.99820498, 0.05, 334.7438659667969, -259.12774658203125, 0.001930732629261911, -1.571391942772693, 9.04377420338229e-05, 9.188995664999311e-05, -0.7073173258995041, 0.7068961620065741, 8.056145294329324, -0.000175736635191557, 8.056145296259613, -0.00017129720658130433
map, 164.998204995, 0.05, 334.739013671875, -267.3672180175781, 0.0020442581735551357, -1.5714835555141915, 0.00021026146655550194, 0.0002108700318691481, -0.707349680006635, 0.7068637361744169, 7.379618475732981, 6.204348048833894e-06, 7.379618475737185, -7.417598623549864e-06